brand,uniqueObservedHosts,firstPublicationMarkedHosts,shareOfMonthlyObservedHostsPercent
DHL,79,77,17.673378
Revolut,62,60,13.870246
Tele2,42,42,9.395973
Lidl Lietuva,33,33,7.38255
Bitė,30,30,6.711409
Vinted,24,23,5.369128
SEB,20,20,4.474273
DPD,18,17,4.026846
ESO,16,16,3.579418
MAXIMA,15,15,3.355705
IKI,14,14,3.131991
ERGO,13,13,2.908277
Smart-ID,13,11,2.908277
Telia,11,11,2.46085
VMI,11,10,2.46085
Artea,10,9,2.237136
Swedbank,7,7,1.565996
BTA,5,5,1.118568
SmartPosti,4,4,0.894855
Citadele,3,3,0.671141
Luminor,3,3,0.671141
Paysera,3,3,0.671141
Bigbank,2,2,0.447427
Ignitis,2,2,0.447427
Omniva,2,2,0.447427
Gjensidige,1,1,0.223714
Registrų centras,1,1,0.223714
Skelbiu.lt,1,1,0.223714
Sodra,1,1,0.223714
UNIPARK,1,1,0.223714
