date,uniqueObservedHosts,firstPublicationMarkedEvents,observationEvents,allEvents,publishedReobservationClassification,scheduledSlots,recordedAttempts,healthyAttempts,lowerListeningSeconds,upperListeningSeconds,lowerWallClockPercent,upperWallClockPercent
2026-09-01,16,15,16,31,0,96,54,54,25911.901,25911.902,29.990626,29.990627
2026-09-02,19,15,21,36,5,96,57,57,27356.909,27356.91,31.663089,31.66309
2026-09-03,17,14,17,31,3,96,80,80,38399.885,38399.885,44.444311,44.444311
2026-09-04,20,17,20,37,2,96,59,59,28319.917,28319.918,32.777682,32.777683
2026-09-05,21,21,21,42,0,96,79,79,38156.893,38156.898,44.163071,44.163076
2026-09-06,21,20,21,41,1,96,54,54,25682.932,25682.937,29.725616,29.725622
2026-09-07,13,13,13,26,0,96,37,37,17759.95,17759.951,20.555498,20.555499
2026-09-08,2,1,2,3,1,96,7,7,3359.992,3359.993,3.88888,3.888881
2026-09-09,12,11,12,23,1,96,7,7,3359.992,3359.992,3.88888,3.88888
2026-09-10,17,15,17,32,2,96,79,79,37944.942,37944.944,43.917757,43.917759
2026-09-11,10,9,10,19,1,96,96,96,46054.819,46054.822,53.304189,53.304192
2026-09-12,15,13,16,29,3,96,96,96,46079.87,46079.871,53.333183,53.333184
2026-09-13,19,12,19,31,6,96,89,89,42718.881,42718.882,49.443149,49.44315
2026-09-14,15,15,15,30,0,96,95,95,46076.164,46077.861,53.328894,53.330858
2026-09-15,24,23,24,47,1,96,96,96,45598.872,45600.569,52.776472,52.778436
2026-09-16,24,18,24,42,5,96,95,95,45994.662,46004.676,53.234562,53.246153
2026-09-17,29,25,29,54,4,96,96,96,46043.473,46053.49,53.291057,53.30265
2026-09-18,12,8,12,20,1,96,96,96,45694.426,45694.43,52.887067,52.887072
2026-09-19,13,12,13,25,0,96,96,96,46073.855,46073.856,53.326221,53.326222
2026-09-20,22,19,23,42,4,96,96,96,46079.885,46079.886,53.3332,53.333201
2026-09-21,14,10,14,24,3,96,96,96,46079.876,46079.877,53.33319,53.333191
2026-09-22,14,13,14,27,1,96,94,94,45472.193,45482.208,52.629853,52.641444
2026-09-23,19,19,19,38,0,96,96,96,45900.083,45920.11,53.125096,53.148275
2026-09-24,14,12,14,26,2,96,96,96,45875.3,45889.949,53.096412,53.113367
2026-09-25,13,10,13,23,2,96,96,96,46073.236,46077.873,53.325505,53.330872
2026-09-26,11,9,11,20,2,96,96,96,46074.873,46074.874,53.327399,53.3274
2026-09-27,25,22,25,47,2,96,95,95,45990.766,46000.778,53.230053,53.241641
2026-09-28,21,17,21,38,4,96,96,96,45881.306,45901.331,53.103363,53.126541
2026-09-29,20,16,21,37,5,96,95,95,45396.558,45406.576,52.542313,52.553907
2026-09-30,16,13,16,29,2,96,95,95,45564.77,45564.775,52.737002,52.737008
